Time Period,start:,2020/6/28 17:17,end:,2020/6/29 18:32,,,,,
Sensors:,SDS011_1,DHT22_1,,,,,,,
Location:,Myoukenguchi_GPS,Lat-Lon,34.77495267,135.4531913,,,,,
Interval time,10,,,,,,,,
time,lat,lon,alt,DHT-RH,DHT-T,sds-pm2.5,sds-pm10,sds-TSP,
2020/6/29 17:31,34.78442536,135.4533107,nan,50.70000076,29.39999962,16.3,19.8,21,0
2020/6/29 17:32,34.78423581,135.453349,nan,51.29999924,29.39999962,16.2,19.7,20.8,0
2020/6/29 17:31,34.78442536,135.4533107,nan,51.40000153,29.39999962,15.9,19.9,20.7,0
2020/6/29 17:32,34.7839549,135.4533096,nan,50.79999924,29.29999924,15.9,19.9,20.7,0
2020/6/29 17:32,34.7839549,135.4533096,nan,51.09999847,29.29999924,15.2,17.6,17.7,0
2020/6/29 17:32,34.7837341,135.4532883,nan,51,29.29999924,15.1,21.3,21.3,0
2020/6/29 17:32,34.7837341,135.4532883,nan,51.09999847,29.29999924,nan,nan,nan,999
2020/6/29 17:32,34.78351924,135.4532099,nan,51.09999847,29.39999962,15.4,21.8,22.1,0
2020/6/29 17:32,34.78351924,135.4532099,nan,51.09999847,29.39999962,15.4,21.9,22.2,0
2020/6/29 17:32,34.78334572,135.4531676,nan,51,29.39999962,15.7,23.8,24.4,0
2020/6/29 17:32,34.78334572,135.4531676,nan,51.09999847,29.39999962,15.7,23.6,24.2,0
2020/6/29 17:32,34.78303369,135.4531247,nan,51.20000076,29.5,15.7,23.7,24.3,0
2020/6/29 17:32,34.78303369,135.4531247,nan,51,29.5,15.6,19.9,20.4,0
2020/6/29 17:33,34.78293989,135.4534033,nan,50.90000153,29.5,15.7,20.6,21.2,0
2020/6/29 17:33,34.78293989,135.4534033,nan,51,29.5,nan,nan,nan,999
2020/6/29 17:33,34.78293737,135.4536279,nan,51,29.5,15.7,19.4,20,0
2020/6/29 17:33,34.78293737,135.4536279,nan,50.70000076,29.5,15.8,19.2,19.9,0
2020/6/29 17:33,34.78272387,135.453309,nan,50.70000076,29.5,15.5,19,19.4,0
2020/6/29 17:33,34.78272387,135.453309,nan,50.59999847,29.39999962,15.6,19.3,19.8,0
2020/6/29 17:33,nan,nan,nan,50.70000076,29.29999924,15.1,17.2,17.2,0
2020/6/29 17:33,nan,nan,nan,50.59999847,29.29999924,15.3,17.3,17.5,0
2020/6/29 17:33,34.78242527,135.4531954,nan,50.79999924,29.29999924,nan,nan,nan,999
2020/6/29 17:33,34.78242527,135.4531954,nan,50.90000153,29.39999962,14.9,17.6,17.4,0
2020/6/29 17:33,34.78244331,135.4530251,nan,50.90000153,29.39999962,15.3,19.6,19.8,0
2020/6/29 17:33,34.78244331,135.4530251,nan,50.90000153,29.5,15.4,19.9,20.2,0
2020/6/29 17:34,34.78242584,135.4527315,nan,50.90000153,29.5,15.7,19.9,20.5,0
2020/6/29 17:34,34.78242584,135.4527315,nan,50.90000153,29.5,15.4,21.3,21.6,0
2020/6/29 17:34,34.78247014,135.4525122,nan,50.90000153,29.60000038,15.5,21,21.4,0
2020/6/29 17:34,34.78247014,135.4525122,nan,50.90000153,29.60000038,nan,nan,nan,999
2020/6/29 17:34,34.78226097,135.4523336,nan,51,29.60000038,nan,nan,nan,nan
2020/6/29 17:34,nan,nan,nan,51,29.60000038,nan,nan,nan,999
2020/6/29 17:34,34.78195623,135.4522765,nan,51,29.5,15.6,18.7,19.2,0
2020/6/29 17:34,34.78195623,135.4522765,nan,51.09999847,29.5,15.5,18.5,18.9,0
2020/6/29 17:34,nan,nan,nan,51.09999847,29.39999962,nan,nan,nan,999
2020/6/29 17:34,nan,nan,nan,51.20000076,29.5,nan,nan,nan,999
2020/6/29 17:34,nan,nan,nan,51.20000076,29.39999962,15.3,23.7,23.9,0
2020/6/29 17:34,nan,nan,nan,51.5,29.39999962,15.1,24.8,24.8,0
2020/6/29 17:35,34.780968,135.4520683,11.9,51.40000153,29.29999924,15.1,23.7,23.7,0
2020/6/29 17:35,34.780968,135.4520683,11.9,51.5,29.39999962,nan,nan,nan,999
2020/6/29 17:35,34.78069183,135.4520917,15.2,51.70000076,29.29999924,15.3,24.7,24.9,0
2020/6/29 17:35,34.78069183,135.4520917,15.2,52,29.20000076,15.2,24.2,24.3,0
2020/6/29 17:35,34.78043183,135.4521513,15.7,51.70000076,29.20000076,15.1,21.7,21.7,0
2020/6/29 17:35,34.78043183,135.4521513,15.7,51.59999847,29.20000076,15,20.6,20.5,0
2020/6/29 17:35,34.780186,135.4521773,18.8,51.5,29.20000076,14.9,20.3,20.1,0
2020/6/29 17:35,34.780186,135.4521773,18.8,51.59999847,29.20000076,14.8,20.3,20,0
2020/6/29 17:35,34.77992383,135.4522263,17.9,51.59999847,29.20000076,15,21,20.9,0
2020/6/29 17:35,34.77992383,135.4522263,17.9,51.59999847,29.10000038,15.3,21,21.2,0
2020/6/29 17:35,34.77967367,135.4522668,18.6,52.09999847,29.10000038,15.5,22.4,22.8,0
2020/6/29 17:35,34.77967367,135.4522668,18.6,52.5,29.10000038,15.6,22.4,22.9,0
2020/6/29 17:36,34.779429,135.4523058,18.3,52.70000076,29,15.6,21.9,22.4,0
2020/6/29 17:36,34.779429,135.4523058,18.3,52.40000153,29,14.9,18.5,18.3,0
2020/6/29 17:36,34.7791895,135.4523255,16.8,52.20000076,28.89999962,15.2,19.8,19.9,0
2020/6/29 17:36,34.7791895,135.4523255,16.8,52.5,28.89999962,15,19.6,19.5,0
2020/6/29 17:36,34.77895417,135.4524025,14.4,52.5,28.89999962,14.7,18.2,17.8,0
2020/6/29 17:36,34.77895417,135.4524025,14.4,52.5,28.79999924,14.7,16.9,16.5,0
2020/6/29 17:36,34.778712,135.452478,15,52.59999847,28.89999962,14.5,16.5,15.9,0
2020/6/29 17:36,34.778712,135.452478,15,52.59999847,28.89999962,14.6,17.3,16.8,0
2020/6/29 17:36,34.77850333,135.4525347,16,52.59999847,28.79999924,14.4,16.8,16.1,0
2020/6/29 17:36,34.77850333,135.4525347,16,52.5,28.89999962,14.5,18.3,17.7,0
2020/6/29 17:36,34.77845033,135.452604,16.5,52.40000153,28.89999962,14.5,18.1,17.5,0
2020/6/29 17:36,34.77845033,135.452604,16.5,52.09999847,28.89999962,14.5,17.7,17.1,0
2020/6/29 17:37,34.778241,135.4525858,15.8,52.20000076,28.89999962,15.4,20.2,20.5,0
2020/6/29 17:37,34.778241,135.4525858,15.8,51.90000153,28.79999924,15.6,20.7,21.2,0
2020/6/29 17:37,34.77797183,135.4526203,16,52.09999847,28.79999924,nan,nan,nan,999
2020/6/29 17:37,34.77797189,135.4526204,16.21,52,28.70000076,15.6,19.7,20.2,0
2020/6/29 17:37,34.777716,135.4526625,16,52,28.70000076,nan,nan,nan,nan
2020/6/29 17:37,34.777716,135.4526625,16,52,28.70000076,16.2,20.4,21.5,0
2020/6/29 17:37,34.77744517,135.4527033,17,53.90000153,28.60000038,16,19.7,20.6,0
2020/6/29 17:37,34.77744517,135.4527033,17,53.5,28.60000038,15.3,18,18.2,0
2020/6/29 17:37,34.7772235,135.4527415,16.1,53.20000076,28.5,15,17.6,17.5,0
2020/6/29 17:37,34.7772235,135.4527415,16.1,53,28.5,14.5,17,16.4,0
2020/6/29 17:37,34.77700067,135.4527762,15.7,52.79999924,28.5,13.7,15.6,14.2,0
2020/6/29 17:37,34.77700067,135.4527762,15.7,53.70000076,28.5,13.6,15.2,13.7,0
2020/6/29 17:38,34.776762,135.4528138,14.3,53.59999847,28.5,nan,nan,nan,999
2020/6/29 17:38,34.776762,135.4528138,14.3,52.90000153,28.5,14.1,16,15,0
2020/6/29 17:38,34.7765205,135.4528422,14.1,52.29999924,28.5,15.5,18.7,19.1,0
2020/6/29 17:38,34.7765205,135.4528422,14.1,52.09999847,28.39999962,16.1,21.6,22.6,0
2020/6/29 17:38,34.7762765,135.4528698,12.6,52.20000076,28.39999962,16.3,22,23.2,0
2020/6/29 17:38,34.7762765,135.4528698,12.6,51.90000153,28.39999962,nan,nan,nan,999
2020/6/29 17:38,34.77602817,135.4528678,11.5,52,28.39999962,16,21.9,22.8,0
2020/6/29 17:38,34.77602817,135.4528678,11.5,51.79999924,28.39999962,16,22.1,23,0
2020/6/29 17:38,34.775764,135.4528837,13,52.90000153,28.39999962,16,21.8,22.7,0
2020/6/29 17:38,34.775764,135.4528837,13,52.79999924,28.39999962,14.6,17.9,17.4,0
2020/6/29 17:38,34.775519,135.4529352,12.1,52.79999924,28.39999962,14.4,18.4,17.7,0
2020/6/29 17:38,34.775519,135.4529352,12.1,52.90000153,28.39999962,14,17.5,16.4,0
2020/6/29 17:39,34.775279,135.4530192,13.1,52.90000153,28.29999924,14.1,19.2,18.2,0
2020/6/29 17:39,34.775279,135.4530192,13.1,53.09999847,28.29999924,14.3,20,19.2,0
2020/6/29 17:39,34.77504685,135.4531071,12.554,53,28.29999924,14.4,19.8,19.1,0
2020/6/29 17:39,34.77504683,135.453107,12.3,53,28.29999924,14.4,19.8,19.1,0
2020/6/29 17:39,34.7748353,135.453232,11.339,53.59999847,28.29999924,nan,nan,nan,999
2020/6/29 17:39,34.77483533,135.453232,11.1,53.90000153,28.29999924,15,18.9,18.8,0
2020/6/29 17:39,34.77463467,135.4534097,11.6,54.09999847,28.29999924,15.1,18,18,0
2020/6/29 17:39,34.77463467,135.4534097,11.6,54,28.29999924,14.9,17.5,17.3,0
2020/6/29 17:39,34.77445097,135.4536158,13.674,54.59999847,28.20000076,15,17.6,17.5,0
2020/6/29 17:39,34.774451,135.4536158,13.5,54.79999924,28.20000076,15,18.7,18.6,0
2020/6/29 17:39,34.77428396,135.4537945,12.812,54.59999847,28.20000076,15,18.9,18.8,0
2020/6/29 17:39,34.774284,135.4537945,12.6,54.09999847,28.29999924,14.7,21,20.6,0
2020/6/29 17:40,34.77412017,135.4539473,9.9,54.09999847,28.29999924,15,20.8,20.7,0
2020/6/29 17:40,34.77412017,135.4539473,9.9,54.59999847,28.29999924,15,20.6,20.5,0
2020/6/29 17:40,34.77386183,135.4541428,12.4,54.29999924,28.29999924,15,20.3,20.2,0
2020/6/29 17:40,34.77386183,135.4541428,12.4,54.20000076,28.29999924,14.9,21.6,21.4,0
2020/6/29 17:40,34.77362417,135.4543098,13.5,54.20000076,28.29999924,15.1,19.4,19.4,0
2020/6/29 17:40,34.77362417,135.4543098,13.5,53.59999847,28.29999924,15.2,19.4,19.5,0
2020/6/29 17:40,nan,nan,nan,53.40000153,28.29999924,nan,nan,nan,999
2020/6/29 17:40,nan,nan,nan,53.20000076,28.39999962,15.1,20.4,20.4,0
2020/6/29 17:40,34.77312195,135.4545574,14.403,53.09999847,28.39999962,15.3,19.8,20,0
2020/6/29 17:40,34.77312183,135.4545573,14.2,53,28.39999962,15.3,18.8,19,0
2020/6/29 17:40,34.77286817,135.4546442,15.2,53,28.39999962,15.7,20.4,21,0
2020/6/29 17:40,34.77286817,135.4546442,15.2,53.09999847,28.39999962,15.8,20.7,21.4,0
2020/6/29 17:41,nan,nan,nan,53.70000076,28.39999962,16,21.1,22,0
2020/6/29 17:41,34.77261567,135.4546518,14.3,53.59999847,28.39999962,nan,nan,nan,999
2020/6/29 17:41,34.77237867,135.454619,14.4,53.29999924,28.29999924,16.1,22.7,23.7,0
2020/6/29 17:41,34.7721565,135.454536,14.1,53.59999847,28.29999924,16.3,21.9,23.1,0
2020/6/29 17:41,34.77237867,135.454619,14.4,53.59999847,28.39999962,16.1,21.7,22.7,0
2020/6/29 17:41,34.77195517,135.4544235,13.2,53.59999847,28.29999924,15.9,23.9,24.7,0
2020/6/29 17:41,34.77195517,135.4544235,13.2,54.40000153,28.29999924,15.9,24,24.8,0
2020/6/29 17:41,34.77175867,135.4542747,12.6,54.20000076,28.29999924,15.8,24.6,25.3,0
2020/6/29 17:41,34.77175876,135.4542746,12.81,54,28.29999924,16.3,25.2,0.8,0
2020/6/29 17:41,34.7715565,135.4540947,13.2,54,28.29999924,nan,nan,nan,999
2020/6/29 17:41,34.7715565,135.4540947,13.2,54.09999847,28.29999924,16.2,24.1,25.2,0
2020/6/29 17:42,34.7713755,135.4539058,12.9,54.20000076,28.20000076,16.1,23.3,24.3,0
2020/6/29 17:42,34.7713755,135.4539058,12.9,54.5,28.20000076,16.3,22.7,23.9,0
2020/6/29 17:42,34.77117717,135.4536938,13.7,54.79999924,28.20000076,16.2,24,25.1,0
2020/6/29 17:42,34.77117717,135.4536938,13.7,55.09999847,28.20000076,16.3,24.3,25.5,0
2020/6/29 17:42,34.77100417,135.4535102,14.4,55.79999924,28.20000076,nan,nan,nan,999
2020/6/29 17:42,34.77100417,135.4535102,14.4,56,28.20000076,15.4,24.4,24.7,0
2020/6/29 17:42,34.770823,135.453325,14.8,56,28.29999924,15.3,22.5,22.7,0
2020/6/29 17:42,34.770823,135.453325,14.8,55.5,28.20000076,15.3,22.2,22.4,0
2020/6/29 17:42,34.77061787,135.4531314,16.979,55.59999847,28.29999924,15.1,20.4,20.4,0
2020/6/29 17:42,34.77061787,135.4531314,16.979,55.79999924,28.29999924,15,21,20.9,0
2020/6/29 17:42,nan,nan,16.4,55.70000076,28.29999924,nan,nan,nan,999
2020/6/29 17:42,34.77041683,135.4529683,16.4,56,28.20000076,15,20.1,20,0
2020/6/29 17:43,34.77022233,135.4528343,14.8,56,28.20000076,14.9,19.1,18.9,0
2020/6/29 17:43,34.7702223,135.4528342,14.994,56.59999847,28.20000076,14.8,19.1,18.8,0
2020/6/29 17:43,34.77004198,135.4527094,10.405,56.70000076,28.20000076,nan,nan,nan,999
2020/6/29 17:43,34.770042,135.4527095,10.2,56.90000153,28.29999924,15.1,20,20,0
2020/6/29 17:43,34.7698325,135.4525887,10.2,57.79999924,28.20000076,14.8,19.2,18.9,0
2020/6/29 17:43,34.7698325,135.4525887,10.2,57.79999924,28.20000076,nan,nan,nan,999
2020/6/29 17:43,34.76963917,135.4524378,9,57.20000076,28.20000076,15.3,24.5,24.7,0
2020/6/29 17:43,34.76963905,135.4524379,9.263,56.5,28.20000076,15.6,25.1,0,0
2020/6/29 17:43,34.76943394,135.4522879,10.844,56.40000153,28.20000076,nan,nan,nan,999
2020/6/29 17:43,34.76943394,135.4522879,10.844,56,28.20000076,15.3,25.5,0.1,0
2020/6/29 17:43,34.76928967,135.452248,11.4,55.90000153,28.29999924,15.4,28.4,3.2,0
2020/6/29 17:43,34.76928967,135.452248,11.4,55.09999847,28.39999962,15.7,38.2,13.3,0
2020/6/29 17:44,34.769088,135.4521935,10.2,54.90000153,28.39999962,15.4,34.4,9.2,0
2020/6/29 17:44,34.769088,135.4521935,10.2,54.79999924,28.5,15.5,35.5,10.4,0
2020/6/29 17:44,34.76887033,135.452057,9.6,54.5,28.5,nan,nan,nan,999
2020/6/29 17:44,34.76887033,135.452057,9.6,54.40000153,28.5,15.5,30.7,5.6,0
2020/6/29 17:44,34.76862717,135.4520188,10.6,54.40000153,28.5,15.7,22.8,23.4,0
2020/6/29 17:44,34.7686273,135.4520189,10.825,54.5,28.60000038,15.6,22.6,23.1,0
2020/6/29 17:44,34.76839533,135.4520023,8.2,54.29999924,28.60000038,15.7,22.6,23.2,0
2020/6/29 17:44,34.76839533,135.4520023,8.2,54.29999924,28.60000038,15.9,21.3,22.1,0
2020/6/29 17:44,34.76817401,135.4519933,5.403,53.70000076,28.60000038,15.7,19.6,20.2,0
2020/6/29 17:44,34.768174,135.4519933,5.2,3303.600098,14.30000019,16.1,19.8,20.8,0
2020/6/29 17:44,34.76794333,135.4520343,5.8,53.5,28.60000038,16.3,19.7,20.9,0
2020/6/29 17:44,34.76794333,135.4520343,5.8,53.5,28.60000038,nan,nan,nan,999
2020/6/29 17:45,34.76770233,135.4520022,9.6,53.5,28.60000038,16.4,20.2,21.5,0
2020/6/29 17:45,34.76770233,135.4520022,9.6,53.29999924,28.5,16.7,23,24.6,0
2020/6/29 17:45,34.76746972,135.4519722,9.267,53.40000153,28.5,17.1,23.4,25.4,0
2020/6/29 17:45,34.76746967,135.4519722,9.1,53.79999924,28.5,17.5,26.2,3.1,0
2020/6/29 17:45,34.76722967,135.4519422,9.6,53.79999924,28.5,17.3,26.5,3.2,0
2020/6/29 17:45,34.76722967,135.4519422,9.6,53.90000153,28.5,16.8,25.8,2,0
2020/6/29 17:45,34.7669745,135.4519107,9.1,53.79999924,28.39999962,16.5,25,0.8,0
2020/6/29 17:45,34.7669745,135.4519107,9.1,54.09999847,28.39999962,16.7,30.5,6.6,0
2020/6/29 17:45,34.766739,135.4518982,9.6,54.20000076,28.29999924,16.6,30.8,6.8,0
2020/6/29 17:45,34.76650983,135.4518883,9.8,54.20000076,28.39999962,16.3,28,3.7,0
2020/6/29 17:45,34.766739,135.4518982,9.6,54,28.39999962,16.4,28.3,4.1,0
2020/6/29 17:46,34.76651667,135.4516363,8.1,53.90000153,28.39999962,nan,nan,nan,999
2020/6/29 17:46,34.76651667,135.4516363,8.1,53.90000153,28.39999962,nan,nan,nan,999
2020/6/29 17:46,34.76656833,135.451352,7.4,53.90000153,28.39999962,15.2,27.3,1.9,0
2020/6/29 17:46,34.76656833,135.451352,7.4,53.5,28.39999962,nan,nan,nan,999
2020/6/29 17:46,34.766754,135.4510785,6.9,53.40000153,28.5,14.4,27.1,0.9,0
2020/6/29 17:46,34.766754,135.4510785,6.9,53.5,28.5,14.3,26.9,0.6,0
2020/6/29 17:46,34.7669625,135.4508893,7.9,53.59999847,28.5,14.5,26.5,0.4,0
2020/6/29 17:46,34.76717167,135.4507013,8.7,53.59999847,28.5,14.6,26.4,0.4,0
2020/6/29 17:46,34.76717167,135.4507013,8.7,53.5,28.39999962,14.4,24.4,23.7,0
2020/6/29 17:46,34.76736167,135.4505153,9.2,53.70000076,28.39999962,14,21.6,20.5,0
2020/6/29 17:46,34.76736167,135.4505153,9.2,54.09999847,28.39999962,nan,nan,nan,999
2020/6/29 17:47,34.76754933,135.4503308,9.8,54.20000076,28.29999924,13.8,20.8,19.5,0
2020/6/29 17:47,34.76754933,135.4503308,9.8,54.09999847,28.29999924,13.8,18.5,17.2,0
2020/6/29 17:47,34.76773185,135.4501316,11.796,54.40000153,28.29999924,13.9,20.6,19.4,0
2020/6/29 17:47,nan,nan,11.6,54.09999847,28.29999924,nan,nan,nan,999
2020/6/29 17:47,34.7679025,135.4499358,11.6,54,28.29999924,13.7,22.9,21.5,0
2020/6/29 17:47,34.76790261,135.4499358,11.829,54.79999924,28.29999924,14,24,22.9,0
2020/6/29 17:47,34.76806633,135.4497442,10.8,54.90000153,28.29999924,13.9,23.9,22.7,0
2020/6/29 17:47,34.76806626,135.4497441,10.965,54.79999924,28.20000076,14.1,24.1,23.1,0
2020/6/29 17:47,34.7682195,135.4495207,10.3,54.70000076,28.20000076,14.5,24.6,24,0
2020/6/29 17:47,34.7682196,135.4495208,10.467,54.70000076,28.29999924,14.5,24.7,24.1,0
2020/6/29 17:47,34.76838179,135.4492414,12.325,54.59999847,28.20000076,14.7,20.6,20.2,0
2020/6/29 17:47,34.76838183,135.4492413,12.1,54.40000153,28.20000076,14.7,20.4,20,0
2020/6/29 17:48,nan,nan,nan,54.59999847,28.29999924,14.5,19.3,18.7,0
2020/6/29 17:48,34.76852867,135.4489603,11.2,54.90000153,28.29999924,nan,nan,nan,999
2020/6/29 17:48,34.76865633,135.4487247,9.8,54.90000153,28.20000076,14.1,17,16,0
2020/6/29 17:48,34.76865633,135.4487247,9.8,54.90000153,28.20000076,nan,nan,nan,999
2020/6/29 17:48,34.76876567,135.4484604,11.251,54.59999847,28.20000076,14.5,17.2,16.6,0
2020/6/29 17:48,34.76876567,135.4484605,11,55.09999847,28.20000076,14.6,16.8,16.3,0
2020/6/29 17:48,34.768873,135.4481822,12,54.90000153,28.10000038,nan,nan,nan,999
2020/6/29 17:48,34.768873,135.4481822,12,54.90000153,28.20000076,nan,nan,nan,999
2020/6/29 17:48,34.76896214,135.4478862,13.332,55,28.20000076,14.9,19,18.8,0
2020/6/29 17:48,34.76896217,135.4478862,13.1,54.90000153,28.20000076,14.7,19,18.6,0
2020/6/29 17:48,34.76904467,135.4476155,11.1,54.59999847,28.20000076,14.8,19.2,18.9,0
2020/6/29 17:49,34.76910483,135.4473532,9.9,54.79999924,28.20000076,15.1,23.7,23.7,0
2020/6/29 17:48,34.76904467,135.4476155,11.1,54.79999924,28.10000038,14.9,23.2,23,0
2020/6/29 17:49,34.76915817,135.4470793,7.2,54.59999847,28.10000038,nan,nan,nan,999
2020/6/29 17:49,34.76915822,135.4470793,7.408,54.70000076,28.10000038,nan,nan,nan,999
2020/6/29 17:49,34.76918733,135.4467808,8.5,54.59999847,28.20000076,15.5,22.5,22.9,0
2020/6/29 17:49,34.76918733,135.4467808,8.5,55,28.20000076,15.4,21.7,22,0
2020/6/29 17:49,34.76918904,135.4464721,11.742,54.70000076,28.20000076,15.6,21.8,22.3,0
2020/6/29 17:49,34.76918904,135.4464721,11.742,54.40000153,28.10000038,15.7,21.9,22.5,0
2020/6/29 17:49,34.76920367,135.4461865,11.6,54.70000076,28.10000038,16,22,22.9,0
2020/6/29 17:49,34.76920367,135.4461865,11.6,55.09999847,28.10000038,nan,nan,nan,999
2020/6/29 17:49,34.76920767,135.4459153,11.5,54.90000153,28.10000038,16.2,22.6,23.7,0
2020/6/29 17:49,34.76920767,135.4459153,11.5,54.79999924,28.10000038,16.2,22.7,23.8,0
2020/6/29 17:50,34.76920561,135.4456258,11.287,54.70000076,28,15.9,22.7,23.5,0
2020/6/29 17:50,34.76920567,135.4456257,11.1,55.40000153,28.10000038,15.9,23.2,24,0
2020/6/29 17:50,34.76919467,135.4453318,12.3,55.70000076,28,16,23.6,24.5,0
2020/6/29 17:50,34.76919467,135.4453318,12.3,55.79999924,28,16.5,24.6,0.4,0
2020/6/29 17:50,34.7691775,135.4450287,13.7,55.79999924,28,nan,nan,nan,999
2020/6/29 17:50,34.76917745,135.4450287,13.947,56,28,nan,nan,nan,999
2020/6/29 17:50,34.76917483,135.4447332,13.5,56,27.89999962,nan,nan,nan,999
2020/6/29 17:50,34.76917477,135.4447332,13.692,56.09999847,27.89999962,16.8,25,1.1,0
2020/6/29 17:50,34.76916383,135.4444293,12.9,55.90000153,27.89999962,16.7,24.3,0.3,0
2020/6/29 17:50,34.76916383,135.4444293,12.9,55.79999924,27.89999962,nan,nan,nan,999
2020/6/29 17:50,34.76914983,135.4441137,12.8,55.70000076,27.89999962,nan,nan,nan,999
2020/6/29 17:50,34.76914983,135.4441137,12.8,55.90000153,27.89999962,16.1,19.7,20.7,0
2020/6/29 17:51,34.76913583,135.4437958,13.4,56,27.89999962,16.1,20.4,21.4,0
2020/6/29 17:51,34.76913583,135.4437958,13.4,55.70000076,27.89999962,15.9,24.8,0,0
2020/6/29 17:51,34.76913667,135.4434638,13.7,55.29999924,27.89999962,15,24.8,24.7,0
2020/6/29 17:51,34.76913667,135.4434638,13.7,55.09999847,27.89999962,15,24.1,24,0
2020/6/29 17:51,nan,nan,nan,55,28,14.7,23.8,23.4,0
2020/6/29 17:51,34.76913331,135.443187,12.007,54.90000153,28,14.8,24.6,24.3,0
2020/6/29 17:51,34.76912817,135.4429003,11.5,54.79999924,28,14.8,24.9,24.6,0
2020/6/29 17:51,34.76912817,135.4429003,11.5,54.70000076,28,nan,nan,nan,999
2020/6/29 17:51,34.76911972,135.4426107,12.023,54.70000076,28.10000038,15,19.2,19.1,0
2020/6/29 17:51,34.76911983,135.4426107,11.8,54.90000153,28.10000038,nan,nan,nan,999
2020/6/29 17:51,34.769106,135.4423278,12.2,54.70000076,28.10000038,14.5,18.1,17.5,0
2020/6/29 17:51,34.769106,135.4423277,12.393,54.5,28.10000038,nan,nan,nan,999
2020/6/29 17:52,34.7690965,135.44178,10.9,54.29999924,28,nan,nan,nan,999
2020/6/29 17:52,34.7690965,135.44178,10.9,54.29999924,28.10000038,nan,nan,nan,999
2020/6/29 17:52,34.76908983,135.4414905,10.5,54.29999924,28.10000038,nan,nan,nan,999
2020/6/29 17:52,34.76908983,135.4414905,10.5,54.09999847,28.10000038,14.7,21.2,20.8,0
2020/6/29 17:52,34.76909333,135.441206,11.1,54.59999847,28.10000038,14.6,21.5,21,0
2020/6/29 17:52,34.76909325,135.441206,11.362,54.59999847,28.10000038,14.3,22.4,21.6,0
2020/6/29 17:52,34.76911983,135.4409428,12.6,54.70000076,28.10000038,14.5,22.1,21.5,0
2020/6/29 17:52,34.76911976,135.4409429,12.842,54.70000076,28.10000038,14.3,21.5,20.7,0
2020/6/29 17:52,34.76919412,135.4406907,12.078,54.59999847,28.10000038,nan,nan,nan,999
2020/6/29 17:52,34.76919412,135.4406907,12.078,54,28.10000038,13.8,18.7,17.4,0
2020/6/29 17:53,34.76931533,135.4404323,10.8,53.90000153,28.10000038,13.9,18.7,17.5,0
2020/6/29 17:53,34.76931533,135.4404323,10.8,53.79999924,28.20000076,13.6,17.3,15.8,0
2020/6/29 17:53,34.76945033,135.4402,10.5,53.70000076,28.10000038,14,17.3,16.2,0
2020/6/29 17:53,34.76945033,135.4402,10.5,54.29999924,28.20000076,14.1,19.2,18.2,0
2020/6/29 17:53,34.76958533,135.439959,11.3,54.29999924,28.10000038,14.2,19.2,18.3,0
2020/6/29 17:53,34.76958533,135.439959,11.3,54.79999924,28.10000038,14,19.5,18.4,0
2020/6/29 17:53,34.76970333,135.4397118,11.2,54.59999847,28.10000038,14.1,18.5,17.5,0
2020/6/29 17:53,34.76970333,135.4397118,11.2,54.29999924,28.10000038,14,18.7,17.6,0
2020/6/29 17:53,34.7698265,135.4394645,11.2,54.59999847,28.10000038,14,18.4,17.3,0
2020/6/29 17:53,34.7698265,135.4394645,11.2,54.5,28.10000038,13.3,18,16.2,0
2020/6/29 17:53,34.76995083,135.4392065,11.1,54.59999847,28.10000038,13.2,18,16.1,0
2020/6/29 17:53,34.76995076,135.4392065,11.339,54.29999924,28.10000038,13,17.4,15.3,0
2020/6/29 17:54,34.77007583,135.438937,11.4,54.5,28.10000038,12.8,17.4,15.1,0
2020/6/29 17:54,34.77007594,135.438937,11.573,54.79999924,28.10000038,12.8,17.3,15,0
2020/6/29 17:54,34.770198,135.4386572,12,54.90000153,28.10000038,12.8,17.2,14.9,0
2020/6/29 17:54,34.77019798,135.4386573,12.255,54.70000076,28.10000038,13.1,19.7,17.7,0
2020/6/29 17:54,34.77031094,135.4383793,11.723,54.70000076,28.10000038,nan,nan,nan,999
2020/6/29 17:54,34.770311,135.4383792,11.5,54.70000076,28.10000038,13.7,18.1,16.7,0
2020/6/29 17:54,34.7704075,135.438119,12.6,54.90000153,28.10000038,13.8,18,16.7,0
2020/6/29 17:54,34.7704075,135.438119,12.6,54.70000076,28.10000038,13.6,17.9,16.4,0
2020/6/29 17:54,34.770469,135.4378835,12.9,54.70000076,28.10000038,13.8,17.2,15.9,0
2020/6/29 17:54,34.770469,135.4378835,12.9,54.29999924,28.20000076,14.1,17.4,16.4,0
2020/6/29 17:54,34.77024685,135.4377335,15.319,53.79999924,28.29999924,14.1,18.1,17.1,0
2020/6/29 17:55,34.77002483,135.4375957,16.4,53.70000076,28.29999924,15.3,21.6,21.8,0
2020/6/29 17:54,34.77024685,135.4377335,15.319,53.70000076,28.39999962,15.2,21.2,21.3,0
2020/6/29 17:55,nan,nan,13.212,53.70000076,28.39999962,15.3,20.7,20.9,0
2020/6/29 17:55,34.76982433,135.4374595,13,3303.600098,14.19999981,15.4,21,21.3,0
2020/6/29 17:55,34.76961,135.4373293,11.2,53.59999847,28.39999962,15.2,19.9,20,0
2020/6/29 17:55,34.76961006,135.4373294,11.427,53.5,28.39999962,nan,nan,nan,999
2020/6/29 17:55,34.76938017,135.4372062,11.2,53.79999924,28.39999962,15.2,19,19.1,0
2020/6/29 17:55,34.76938017,135.4372062,11.2,53.70000076,28.39999962,15.2,20.2,20.3,0
2020/6/29 17:55,34.7692255,135.4372885,12.4,53.70000076,28.5,15.5,20.7,21.1,0
2020/6/29 17:55,34.7692255,135.4372885,12.4,53.70000076,28.5,14.8,19.8,19.5,0
2020/6/29 17:55,34.76907777,135.4375598,13.893,53.70000076,28.5,14.9,19.7,19.5,0
2020/6/29 17:55,34.76907777,135.4375598,13.893,53.70000076,28.5,14.9,23.2,23,0
2020/6/29 17:56,34.768914,135.4378147,14.5,53.79999924,28.5,14.7,24.2,23.8,0
2020/6/29 17:56,34.768914,135.4378147,14.5,53.79999924,28.60000038,14.7,24.3,23.9,0
2020/6/29 17:56,34.76874633,135.4380568,15.4,53.90000153,28.60000038,15.4,25.1,25.4,0
2020/6/29 17:56,34.76874633,135.4380568,15.4,54,28.5,15.3,24.9,25.1,0
2020/6/29 17:56,34.76857667,135.4382883,15.3,54.09999847,28.5,15.4,23.3,23.6,0
2020/6/29 17:56,34.76857667,135.4382883,15.3,54.09999847,28.5,15.6,22.5,23,0
2020/6/29 17:56,nan,nan,16.2,54,28.5,15.5,20.5,20.9,0
2020/6/29 17:56,34.76840533,135.4385295,16.2,54,28.5,15.7,20.4,21,0
2020/6/29 17:56,34.7682435,135.438783,14.7,54.09999847,28.5,15.6,20.1,20.6,0
2020/6/29 17:56,34.7682435,135.438783,14.7,54.09999847,28.5,15.4,19.7,20,0
2020/6/29 17:56,34.768104,135.4390697,13.1,54,28.5,14.7,17.7,17.3,0
2020/6/29 17:56,34.76810394,135.4390697,13.358,54,28.60000038,14.7,17.2,16.8,0
2020/6/29 17:57,34.7679685,135.4393748,12.9,53.90000153,28.60000038,14.2,17,16.1,0
2020/6/29 17:57,34.7679685,135.4393748,12.9,53.79999924,28.60000038,14.1,16.8,15.8,0
2020/6/29 17:57,34.76783167,135.4396705,13.1,53.79999924,28.60000038,14.3,16.8,16,0
2020/6/29 17:57,34.76783167,135.4396705,13.1,53.70000076,28.60000038,nan,nan,nan,999
2020/6/29 17:57,34.76774717,135.4399815,12.8,53.79999924,28.60000038,14.2,21.8,20.9,0
2020/6/29 17:57,34.76774717,135.4399815,12.8,53.90000153,28.60000038,14.6,22.1,21.6,0
2020/6/29 17:57,34.767656,135.4402902,14.4,54,28.60000038,15.1,23.5,23.5,0
2020/6/29 17:57,34.767656,135.4402902,14.4,53.79999924,28.5,15.3,23.9,24.1,0
2020/6/29 17:57,34.76757579,135.4406193,15.128,53.79999924,28.5,15.6,24.5,25,0
2020/6/29 17:57,34.76757583,135.4406193,14.9,54,28.39999962,15.4,23.7,24,0
2020/6/29 17:57,34.76751833,135.4409695,14.1,55.40000153,28.29999924,16.2,26.9,2.5,0
2020/6/29 17:57,34.76751833,135.4409695,14.1,55.5,28.20000076,16.4,22.7,24,0
2020/6/29 17:58,34.767501,135.4413445,14.9,55.29999924,28.20000076,16.2,22.9,24,0
2020/6/29 17:58,34.767501,135.4413445,14.9,55,28.29999924,16.3,23,24.2,0
2020/6/29 17:58,34.7675344,135.4416636,13.92,55.20000076,28.29999924,16.6,24.2,0.1,0
2020/6/29 17:58,34.76753433,135.4416637,13.7,54.90000153,28.20000076,16.1,21.6,22.6,0
2020/6/29 17:58,34.76760117,135.4419745,13.4,55.09999847,28.29999924,16.2,20.8,21.9,0
2020/6/29 17:58,34.76760117,135.4419745,13.4,55,28.29999924,nan,nan,nan,999
2020/6/29 17:58,34.7676785,135.4422822,12,54.90000153,28.29999924,16.6,19.1,20.6,0
2020/6/29 17:58,34.76775117,135.4426003,13.1,54.70000076,28.20000076,nan,nan,nan,999
2020/6/29 17:58,34.76775109,135.4426003,13.309,54.5,28.29999924,16.1,17.9,18.9,0
2020/6/29 17:58,nan,nan,13.7,54.40000153,28.20000076,15.8,17.6,18.3,0
2020/6/29 17:58,34.76782422,135.4429215,13.932,54.40000153,28.29999924,15.6,17.4,17.9,0
2020/6/29 17:59,34.76788817,135.4432663,13,54.79999924,28.20000076,15.7,17.5,18.1,0
2020/6/29 17:59,34.76788819,135.4432663,13.232,55,28.20000076,15.9,17.7,18.5,0
2020/6/29 17:59,34.76793067,135.4435833,13.1,55,28.10000038,nan,nan,nan,999
2020/6/29 17:59,34.76793063,135.4435833,13.305,55,28.10000038,16.3,20.8,22,0
2020/6/29 17:59,34.76797983,135.4438828,13,55,28.20000076,15.9,20.6,21.4,0
2020/6/29 17:59,34.76797983,135.4438828,13,55.20000076,28.10000038,16.1,21.3,22.3,0
2020/6/29 17:59,nan,nan,12.8,55.20000076,28.10000038,nan,nan,nan,999
2020/6/29 17:59,34.7680071,135.4441864,13.008,55.5,28.10000038,15.2,20.5,20.6,0
2020/6/29 17:59,34.76802133,135.4444952,13.7,56,28.10000038,15.2,23.3,23.4,0
2020/6/29 17:59,34.76802138,135.4444952,13.883,56.40000153,28,nan,nan,nan,999
2020/6/29 17:59,34.7680355,135.4447993,13,56.29999924,27.89999962,15,22.6,22.5,0
2020/6/29 17:59,34.7680355,135.4447993,13,56.70000076,27.89999962,14.9,22.1,21.9,0
2020/6/29 18:00,34.76804467,135.4451155,13,56.59999847,27.89999962,nan,nan,nan,999
2020/6/29 18:00,34.76804467,135.4451155,13,56.40000153,27.89999962,15.1,21.6,21.6,0
2020/6/29 18:00,34.7680515,135.4454377,14.2,56.29999924,27.89999962,15.7,21,21.6,0
2020/6/29 18:00,34.7680515,135.4454377,14.2,56.29999924,27.89999962,15.9,21.1,21.9,0
2020/6/29 18:00,34.7680635,135.445744,14.8,56.70000076,27.89999962,15.8,20.4,21.1,0
2020/6/29 18:00,34.76806351,135.445744,15.04,57.09999847,27.89999962,15.9,21.8,22.6,0
2020/6/29 18:00,34.76806951,135.4460407,14.08,58,27.79999924,16.1,22.1,23.1,0
2020/6/29 18:00,34.7680695,135.4460407,13.9,57.40000153,27.79999924,16,24.6,25.5,0
2020/6/29 18:00,34.768059,135.446341,13.6,57.59999847,27.79999924,nan,nan,nan,999
2020/6/29 18:00,34.76805906,135.446341,13.768,57.29999924,27.79999924,15.6,21.8,22.3,0
2020/6/29 18:00,34.7680375,135.4466457,13.4,57.5,27.79999924,15.3,21.7,21.9,0
2020/6/29 18:00,34.7680375,135.4466457,13.4,58.59999847,27.60000038,15.4,22.8,23.1,0
2020/6/29 18:01,34.76799328,135.4469478,13.249,58.70000076,27.60000038,15.1,21.9,21.9,0
2020/6/29 18:01,34.76799333,135.4469477,13,60.5,27.60000038,15,20,19.9,0
2020/6/29 18:01,34.767928,135.4472533,13.1,59.79999924,27.5,14.9,20.9,20.7,0
2020/6/29 18:01,34.767928,135.4472533,13.1,59.79999924,27.5,nan,nan,nan,999
2020/6/29 18:01,34.76784717,135.4475425,13.1,60.70000076,27.39999962,14.9,19.2,19,0
2020/6/29 18:01,nan,nan,nan,60.5,27.39999962,14.3,19.2,18.4,0
2020/6/29 18:01,34.76761633,135.4480933,12.6,60.5,27.39999962,14.4,19.1,18.4,0
2020/6/29 18:01,34.76761633,135.4480933,12.6,60.20000076,27.29999924,14.6,19.5,19,0
2020/6/29 18:01,34.76749315,135.4483622,13.278,60.20000076,27.29999924,14.5,19.3,18.7,0
2020/6/29 18:01,34.76749317,135.4483622,13.1,60.29999924,27.29999924,14.7,19.5,19.1,0
2020/6/29 18:02,34.76735083,135.4486145,13.7,60.59999847,27.29999924,14.4,20.2,19.5,0
2020/6/29 18:02,34.7673509,135.4486146,13.88,60.20000076,27.29999924,14.1,21.2,20.2,0
2020/6/29 18:02,34.76720733,135.4488467,12.5,60.09999847,27.39999962,14.4,22.1,21.4,0
2020/6/29 18:02,34.76720733,135.4488467,12.5,59.79999924,27.39999962,14.4,20.6,19.9,0
2020/6/29 18:02,34.76703783,135.4490798,13.1,59.70000076,27.39999962,14.7,20.5,20.1,0
2020/6/29 18:02,34.76703785,135.4490797,13.316,59.59999847,27.39999962,14.5,20.5,19.9,0
2020/6/29 18:02,34.7668545,135.4492863,13.4,59.40000153,27.39999962,14.6,21.8,21.3,0
2020/6/29 18:02,34.7668545,135.4492863,13.4,59,27.39999962,14.3,20.5,19.7,0
2020/6/29 18:02,34.766655,135.4494915,13.6,58.90000153,27.39999962,13.4,18.1,16.4,0
2020/6/29 18:02,34.76665497,135.4494914,13.793,3306.100098,13.69999981,nan,nan,nan,999
2020/6/29 18:02,34.7664555,135.4496828,14.1,58.5,27.5,12.7,16.8,14.4,0
2020/6/29 18:02,34.7664555,135.4496828,14.1,58.09999847,27.5,nan,nan,nan,999
2020/6/29 18:03,34.76626133,135.4498733,13.3,58,27.5,12.5,15.1,12.5,0
2020/6/29 18:03,34.76626133,135.4498733,13.3,58.20000076,27.60000038,13.1,17.8,15.8,0
2020/6/29 18:03,34.7660445,135.4500722,12.1,57.90000153,27.60000038,nan,nan,nan,999
2020/6/29 18:03,34.7660445,135.4500722,12.1,57.59999847,27.60000038,14,18,16.9,0
2020/6/29 18:03,34.76578966,135.4503117,12.649,57.59999847,27.60000038,14.2,18.2,17.3,0
2020/6/29 18:03,34.76578967,135.4503117,12.4,58,27.70000076,14.7,19.8,19.4,0
2020/6/29 18:03,34.76558017,135.450507,13.6,57.70000076,27.70000076,14.9,20.1,19.9,0
2020/6/29 18:03,34.76558017,135.450507,13.6,57.5,27.60000038,nan,nan,nan,999
2020/6/29 18:03,34.765378,135.4507028,13.5,57.40000153,27.60000038,14.5,20.1,19.5,0
2020/6/29 18:03,34.765378,135.4507028,13.5,57.29999924,27.70000076,14.2,20.3,19.4,0
2020/6/29 18:03,34.76518717,135.4508633,12.1,57.40000153,27.70000076,14,20.2,19.1,0
2020/6/29 18:03,34.76518717,135.4508633,12.1,57.90000153,27.70000076,14.3,24.2,23.4,0
2020/6/29 18:04,34.76499483,135.4510502,12.3,58.20000076,27.70000076,13.9,22.3,21.1,0
2020/6/29 18:04,34.76499483,135.4510502,12.3,58,27.70000076,13.3,19.9,18.1,0
2020/6/29 18:04,34.7647925,135.4512545,13.1,57.70000076,27.70000076,13.6,20.4,18.9,0
2020/6/29 18:04,34.7647925,135.4512545,13.1,57.70000076,27.70000076,13.7,19.9,18.5,0
2020/6/29 18:04,34.76460083,135.451448,13.9,57.90000153,27.70000076,13.6,17.5,16,0
2020/6/29 18:04,34.76460087,135.4514481,14.12,57.79999924,27.70000076,13.1,18.2,16.2,0
2020/6/29 18:04,34.76440917,135.451632,13.1,58,27.70000076,13.2,18.4,16.5,0
2020/6/29 18:04,34.76440911,135.451632,13.34,57.79999924,27.70000076,13.7,21.2,19.8,0
2020/6/29 18:04,34.76422167,135.4518112,13.4,57.59999847,27.70000076,nan,nan,nan,nan
2020/6/29 18:04,34.76422167,135.4518112,13.4,57.59999847,27.70000076,nan,nan,nan,nan
2020/6/29 18:04,34.76401433,135.4520073,13.1,56.70000076,27.79999924,nan,nan,nan,999
2020/6/29 18:04,nan,nan,nan,56.59999847,27.79999924,nan,nan,nan,999
2020/6/29 18:05,34.76362933,135.4523622,12.3,56.40000153,27.79999924,nan,nan,nan,999
2020/6/29 18:05,34.76362933,135.4523622,12.3,56.09999847,27.89999962,14.2,16.3,15.4,0
2020/6/29 18:05,34.76344617,135.4525352,11.3,56,27.89999962,14.5,16.7,16.1,0
2020/6/29 18:05,34.76344617,135.4525352,11.3,55.59999847,27.89999962,nan,nan,nan,999
2020/6/29 18:05,34.76326667,135.4526993,10.3,55.40000153,27.89999962,nan,nan,nan,nan
2020/6/29 18:05,34.76326667,135.4526993,10.3,55.40000153,27.89999962,nan,nan,nan,nan
2020/6/29 18:05,34.76308033,135.4528775,10,55.40000153,27.89999962,14.5,20,19.4,0
2020/6/29 18:05,34.76308033,135.4528775,10,55.29999924,27.89999962,14.7,20.2,19.8,0
2020/6/29 18:05,34.76289719,135.4530582,10.462,55.29999924,27.89999962,14.8,20.5,20.2,0
2020/6/29 18:05,34.76289719,135.4530582,10.462,55.70000076,28,14.2,20.1,19.2,0
2020/6/29 18:06,34.76269333,135.4532387,10.8,55.59999847,28,nan,nan,nan,999
2020/6/29 18:06,34.76269337,135.4532387,11.05,55,28,nan,nan,nan,999
2020/6/29 18:06,34.762481,135.4534245,11.1,54.90000153,28,nan,nan,nan,999
2020/6/29 18:06,nan,nan,11.1,54.79999924,28.10000038,14.1,18.4,17.4,0
2020/6/29 18:06,34.76228998,135.4536252,12.161,54.70000076,28,14.4,19.1,18.4,0
2020/6/29 18:06,34.76229,135.4536252,11.9,54.79999924,28.10000038,15.1,20.7,20.7,0
2020/6/29 18:06,34.76209439,135.4538135,12.434,54.59999847,28.20000076,15.1,20.8,20.8,0
2020/6/29 18:06,34.761895,135.4539998,11.7,54.5,28.20000076,14.8,24.5,24.2,0
2020/6/29 18:06,34.7620945,135.4538135,12.2,54.40000153,28.20000076,15.1,25,25,0
2020/6/29 18:06,34.761702,135.4541712,12.3,54.40000153,28.20000076,14.5,25.9,25.4,0
2020/6/29 18:06,34.76170206,135.4541711,12.514,54.20000076,28.20000076,14.8,26.5,0.7,0
2020/6/29 18:07,34.76151967,135.4543443,14.3,54.09999847,28.20000076,14.8,21.8,21.5,0
2020/6/29 18:07,34.76151965,135.4543443,14.468,54.09999847,28.20000076,15.1,22.5,22.5,0
2020/6/29 18:07,34.76138965,135.4544437,12.517,54.09999847,28.20000076,14.9,23.5,23.3,0
2020/6/29 18:07,34.76138967,135.4544437,12.3,54.09999847,28.20000076,14.3,22.8,22,0
2020/6/29 18:07,34.761329,135.4545145,13.4,54.20000076,28.20000076,nan,nan,nan,999
2020/6/29 18:07,34.761329,135.4545145,13.4,54.40000153,28.29999924,13.4,23.4,21.7,0
2020/6/29 18:07,34.761325,135.4546857,12.5,54.40000153,28.29999924,12.7,21.7,19.3,0
2020/6/29 18:07,34.761325,135.4546857,12.5,54.29999924,28.39999962,12.6,21.5,19,0
2020/6/29 18:07,34.76144033,135.4548978,12.7,54.70000076,28.39999962,nan,nan,nan,999
2020/6/29 18:07,34.76144033,135.4548979,12.7,54.5,28.39999962,nan,nan,nan,999
2020/6/29 18:07,34.76155934,135.4551175,12.156,54.40000153,28.39999962,11.8,14.2,10.9,0
2020/6/29 18:08,34.761699,135.455343,9.8,54.29999924,28.39999962,11.9,14.9,11.7,0
2020/6/29 18:08,34.76169902,135.4553429,10.052,54.40000153,28.39999962,12.2,17.3,14.4,0
2020/6/29 18:08,34.761814,135.4555757,6.8,54.40000153,28.39999962,12.9,17.3,15.1,0
2020/6/29 18:08,34.761814,135.4555757,6.8,55.29999924,28.39999962,13.2,19.1,17.2,0
2020/6/29 18:08,34.7618845,135.455576,6.4,55.29999924,28.39999962,13.3,19.6,17.8,0
2020/6/29 18:08,34.7618845,135.455576,6.4,54.79999924,28.5,13.6,21.3,19.8,0
2020/6/29 18:08,34.7620935,135.4554167,4.4,54.70000076,28.5,nan,nan,nan,999
2020/6/29 18:08,34.7620936,135.4554166,4.63,54.59999847,28.5,nan,nan,nan,999
2020/6/29 18:08,34.7623265,135.4552217,5.4,54.5,28.39999962,13.8,23.5,22.2,0
2020/6/29 18:08,34.7623265,135.4552217,5.4,54.79999924,28.39999962,13.6,24.2,22.7,0
2020/6/29 18:08,34.76254233,135.4550377,7.4,54.70000076,28.39999962,13.4,23.2,21.5,0
2020/6/29 18:08,34.76254242,135.4550377,7.658,55.29999924,28.29999924,13.4,23.2,21.5,0
2020/6/29 18:09,34.76276783,135.4548365,7,55.5,28.29999924,13.4,24.4,22.7,0
2020/6/29 18:09,34.76276783,135.4548365,7,56,28.29999924,13.1,25.3,23.3,0
2020/6/29 18:09,34.7629845,135.4546302,6.8,56,28.20000076,nan,nan,nan,999
2020/6/29 18:09,34.7629845,135.4546302,6.8,56.09999847,28.10000038,12.5,21.3,18.7,0
2020/6/29 18:09,34.763204,135.4544355,8.3,56,28.10000038,12.2,19.3,16.4,0
2020/6/29 18:09,34.763204,135.4544355,8.3,56.20000076,28.10000038,12.1,19.1,16.1,0
2020/6/29 18:09,34.76341383,135.4542397,9.4,56.20000076,28,11.9,17.9,14.7,0
2020/6/29 18:09,34.76341383,135.4542397,9.625,56.59999847,28,11.7,17.3,13.9,0
2020/6/29 18:09,34.763613,135.4540523,7.6,56.70000076,27.89999962,11.8,15.5,12.2,0
2020/6/29 18:09,34.763613,135.4540523,7.6,56.70000076,27.89999962,11.5,15.6,12,0
2020/6/29 18:09,0,0,6.5,56.70000076,27.89999962,11.6,17.1,13.6,0
2020/6/29 18:09,34.763812,135.4538705,6.5,57,27.79999924,12.4,18.5,15.8,0
2020/6/29 18:10,34.76400417,135.4536555,5.7,57.09999847,27.79999924,12.5,17.5,14.9,0
2020/6/29 18:10,34.76400417,135.4536555,5.7,57.09999847,27.79999924,12.5,17.5,14.9,0
2020/6/29 18:10,34.764243,135.4534427,7.6,57.29999924,27.79999924,12.7,18,15.6,0
2020/6/29 18:10,34.764243,135.4534427,7.6,57.20000076,27.79999924,12.6,17.5,15,0
2020/6/29 18:10,34.76445383,135.453241,7.7,57.20000076,27.79999924,12.6,16.8,14.3,0
2020/6/29 18:10,nan,nan,7.7,57.20000076,27.79999924,13.2,17.9,16,0
2020/6/29 18:10,34.76466663,135.4530181,8.219,57.29999924,27.79999924,12.9,17.9,15.7,0
2020/6/29 18:10,34.76466663,135.4530181,8.219,57.5,27.79999924,12.6,17.7,15.2,0
2020/6/29 18:10,34.7648755,135.4528227,6.3,57.59999847,27.70000076,12.7,19,16.6,0
2020/6/29 18:10,34.76487542,135.4528226,6.522,57.40000153,27.70000076,12.9,19.7,17.5,0
2020/6/29 18:10,34.76507659,135.4526467,5.779,57.40000153,27.70000076,12.5,17.4,14.8,0
2020/6/29 18:10,34.7650765,135.4526468,5.6,57.40000153,27.70000076,12.5,16.1,13.5,0
2020/6/29 18:11,34.76527717,135.4524403,6.8,57.29999924,27.70000076,12.5,16.7,14.1,0
2020/6/29 18:11,34.76527717,135.4524403,6.8,57.40000153,27.70000076,13,16.7,14.6,0
2020/6/29 18:11,34.76549433,135.4522413,7.4,57.5,27.70000076,12.9,14.5,12.3,0
2020/6/29 18:11,nan,nan,7.602,57.70000076,27.60000038,13.1,14.8,12.8,0
2020/6/29 18:11,34.76571983,135.4520473,8.9,57.79999924,27.60000038,13.6,16.7,15.2,0
2020/6/29 18:11,34.76571983,135.4520473,8.9,57.59999847,27.60000038,13.7,16.9,15.5,0
2020/6/29 18:11,34.7659505,135.451896,9.9,57.59999847,27.60000038,13.2,16,14.1,0
2020/6/29 18:11,34.7659505,135.451896,9.9,58.20000076,27.60000038,12.9,15.6,13.4,0
2020/6/29 18:11,34.76617533,135.4518547,9.2,58.29999924,27.60000038,13.1,16.1,14.1,0
2020/6/29 18:11,34.76617533,135.4518547,9.2,58.70000076,27.5,13,16.6,14.5,0
2020/6/29 18:11,34.76641783,135.4518763,10,58.70000076,27.60000038,12.7,15.9,13.5,0
2020/6/29 18:11,34.76641783,135.4518763,10,58.70000076,27.60000038,12.6,16.1,13.6,0
2020/6/29 18:12,34.76667433,135.4518952,9.1,58.59999847,27.5,12.8,16.2,13.9,0
2020/6/29 18:12,34.76667433,135.4518952,9.1,58.79999924,27.5,12.9,17.3,15.1,0
2020/6/29 18:12,34.76691833,135.4519103,8.6,58.79999924,27.60000038,12.7,17.1,14.7,0
2020/6/29 18:12,34.76691833,135.4519103,8.6,58.70000076,27.5,12.6,17,14.5,0
2020/6/29 18:12,34.76715967,135.4519248,9.959,58.90000153,27.60000038,12.4,15,12.3,0
2020/6/29 18:12,34.76715967,135.4519248,9.7,58.70000076,27.5,12.5,14.8,12.2,0
2020/6/29 18:12,34.76738415,135.4519449,8.421,58.5,27.5,nan,nan,nan,999
2020/6/29 18:12,nan,nan,8.2,58.20000076,27.5,12,13.7,10.6,0
2020/6/29 18:12,34.76761467,135.4519763,7.9,58.09999847,27.5,11.7,15.3,11.9,0
2020/6/29 18:12,34.76761467,135.4519763,7.9,58.09999847,27.60000038,11.7,15.7,12.3,0
2020/6/29 18:12,34.767781,135.4520367,6.5,58.20000076,27.60000038,nan,nan,nan,999
2020/6/29 18:12,34.767781,135.4520367,6.5,59,27.60000038,11.8,16.7,13.4,0
2020/6/29 18:13,34.76797733,135.4519862,3.6,58.5,27.60000038,12,16.7,13.6,0
2020/6/29 18:13,34.76797733,135.4519862,3.6,58.70000076,27.60000038,12.6,22.9,20.4,0
2020/6/29 18:13,34.7682005,135.4519817,3.6,58.70000076,27.60000038,12.7,23.1,20.7,0
2020/6/29 18:13,34.7682005,135.4519817,3.6,59,27.70000076,13,21.5,19.4,0
2020/6/29 18:13,34.76844467,135.4519915,5.8,58.79999924,27.60000038,13.2,21.7,19.8,0
2020/6/29 18:13,34.76844467,135.4519915,5.8,58.59999847,27.70000076,13.2,23,21.1,0
2020/6/29 18:13,34.76868167,135.4520197,7.6,58.40000153,27.60000038,12.9,22.3,20.1,0
2020/6/29 18:13,34.76868167,135.4520197,7.6,58.29999924,27.70000076,12.6,22.5,20,0
2020/6/29 18:13,34.76889533,135.4520743,7.6,58.20000076,27.70000076,nan,nan,nan,999
2020/6/29 18:13,34.76889533,135.4520743,7.6,58.20000076,27.70000076,12,18,14.9,0
2020/6/29 18:13,34.769062,135.4522478,7.7,58.09999847,27.70000076,11.7,16.5,13.1,0
2020/6/29 18:13,34.769062,135.4522478,7.7,58.5,27.70000076,11.4,16.2,12.5,0
2020/6/29 18:14,34.769155,135.452215,8.8,58.29999924,27.70000076,11.7,15.2,11.8,0
2020/6/29 18:14,34.769155,135.452215,8.8,58.90000153,27.79999924,11.9,15.7,12.5,0
2020/6/29 18:14,34.76916846,135.4522275,11.392,59,27.79999924,12,16.1,13,0
2020/6/29 18:14,34.76916846,135.4522275,11.392,59.09999847,27.79999924,12.1,16.1,13.1,0
2020/6/29 18:14,34.76932656,135.4522829,7.924,58.70000076,27.79999924,12.3,16.3,13.5,0
2020/6/29 18:14,34.7693265,135.4522828,7.7,58.09999847,27.79999924,12.6,17.9,15.4,0
2020/6/29 18:14,34.769566,135.4524357,8.4,58.09999847,27.79999924,12.8,20.7,18.4,0
2020/6/29 18:14,34.769566,135.4524357,8.4,58.29999924,27.79999924,12.6,20.3,17.8,0
2020/6/29 18:14,34.76981467,135.452606,9.7,58.70000076,27.79999924,12.8,20.8,18.5,0
2020/6/29 18:14,34.76981467,135.452606,9.7,58.79999924,27.79999924,12.9,21.2,19,0
2020/6/29 18:14,34.77006333,135.4527465,11.1,58.70000076,27.70000076,12.9,20.9,18.7,0
2020/6/29 18:14,34.77006333,135.4527465,11.1,58.90000153,27.70000076,12.8,18.9,16.6,0
2020/6/29 18:15,34.77030317,135.4528805,10.6,58.59999847,27.70000076,12.9,22.6,20.4,0
2020/6/29 18:15,34.77030317,135.4528805,10.6,58.29999924,27.60000038,12.9,22.3,20.1,0
2020/6/29 18:15,34.77053033,135.4530397,10.8,58.20000076,27.60000038,12.7,21.5,19.1,0
2020/6/29 18:15,34.77053031,135.4530397,10.981,58.40000153,27.60000038,12.8,21.8,19.5,0
2020/6/29 18:15,34.77073,135.453239,12.5,58.20000076,27.60000038,12.8,25.5,23.2,0
2020/6/29 18:15,34.77073008,135.453239,12.761,58.70000076,27.60000038,12.7,24.3,21.9,0
2020/6/29 18:15,34.77090833,135.4534407,12.6,58.5,27.60000038,12.4,20.2,17.5,0
2020/6/29 18:15,34.77090833,135.4534407,12.6,58.29999924,27.60000038,12.2,15.9,13,0
2020/6/29 18:15,34.77110967,135.4536323,10.9,58.09999847,27.60000038,12.8,20.9,18.6,0
2020/6/29 18:15,34.7711096,135.4536322,11.157,58,27.70000076,12.7,20.9,18.5,0
2020/6/29 18:15,34.77129612,135.4538257,12.231,58.20000076,27.70000076,12.8,20.7,18.4,0
2020/6/29 18:15,34.77129617,135.4538257,12,58.40000153,27.70000076,12.8,17.5,15.2,0
2020/6/29 18:16,34.77148333,135.4540233,11.6,58.20000076,27.60000038,nan,nan,nan,999
2020/6/29 18:16,34.77148333,135.4540233,11.6,58.29999924,27.60000038,13.1,19.4,17.4,0
2020/6/29 18:16,34.77167233,135.4542098,11.6,58.59999847,27.60000038,13.4,19.7,18,0
2020/6/29 18:16,34.77167223,135.4542098,11.821,58.70000076,27.5,13.6,19.9,18.4,0
2020/6/29 18:16,34.77185899,135.454374,11.717,58.90000153,27.5,13.4,19.4,17.7,0
2020/6/29 18:16,34.771859,135.454374,11.5,58.90000153,27.5,13.5,19.6,18,0
2020/6/29 18:16,34.77207333,135.4545022,10.3,58.79999924,27.5,13.5,19.6,18,0
2020/6/29 18:16,34.77207333,135.4545022,10.3,58.70000076,27.5,13,17.5,15.4,0
2020/6/29 18:16,34.772294,135.4545937,10.9,58.70000076,27.5,12.9,18.1,15.9,0
2020/6/29 18:16,34.772294,135.4545937,10.9,58.79999924,27.5,13.1,19.4,17.4,0
2020/6/29 18:16,34.77244976,135.4546407,12.708,58.70000076,27.5,12.5,20.9,18.3,0
2020/6/29 18:16,34.77244967,135.4546408,12.5,59.20000076,27.5,12.4,21.1,18.4,0
2020/6/29 18:17,34.7726268,135.4546536,11.283,58.5,27.39999962,12.3,22.6,19.8,0
2020/6/29 18:17,34.77262683,135.4546537,11.1,58.09999847,27.39999962,12,22.4,19.3,0
2020/6/29 18:17,34.772861,135.4546302,8.8,58.09999847,27.39999962,12.2,21.6,18.7,0
2020/6/29 18:17,34.772861,135.4546302,8.8,58.29999924,27.5,11.8,19.9,16.6,0
2020/6/29 18:17,34.77309601,135.4545935,7.711,58.29999924,27.39999962,11.9,19.2,16,0
2020/6/29 18:17,34.77309601,135.4545935,7.711,57.90000153,27.39999962,11.9,19.3,16.1,0
2020/6/29 18:17,34.77329817,135.454508,8.2,57.79999924,27.39999962,11.9,19.1,15.9,0
2020/6/29 18:17,34.77329817,135.454508,8.2,58.79999924,27.39999962,12.1,15.6,12.6,0
2020/6/29 18:17,34.77342717,135.4544088,9.6,58.59999847,27.39999962,12.3,18.2,15.4,0
2020/6/29 18:17,34.77342717,135.4544088,9.6,58.29999924,27.5,12.3,17.5,14.7,0
2020/6/29 18:17,34.77363167,135.4542722,9.7,58.59999847,27.5,12.8,20.2,17.9,0
2020/6/29 18:17,34.77363167,135.4542722,9.7,58.29999924,27.5,12.9,19.9,17.7,0
2020/6/29 18:18,34.77383717,135.4541278,8.5,58.29999924,27.60000038,13.1,20.5,18.5,0
2020/6/29 18:18,34.77383717,135.4541278,8.5,58.09999847,27.60000038,12.8,20.3,18,0
2020/6/29 18:18,34.774014,135.4539685,8.4,58.09999847,27.60000038,nan,nan,nan,999
2020/6/29 18:18,34.774014,135.4539685,8.4,58,27.60000038,12.2,21.7,18.8,0
2020/6/29 18:18,34.77422583,135.4538353,6.3,58,27.60000038,12.1,21.4,18.4,0
2020/6/29 18:18,34.77422583,135.4538353,6.3,57.90000153,27.60000038,12.3,20,17.2,0
2020/6/29 18:18,nan,nan,5.8,57.90000153,27.5,nan,nan,nan,999
2020/6/29 18:18,34.77442767,135.4537005,5.8,58.29999924,27.5,12.9,22.6,20.4,0
2020/6/29 18:18,34.77461417,135.4535305,6.5,58.90000153,27.5,13.2,23.1,21.2,0
2020/6/29 18:18,34.77461417,135.4535305,6.5,58.59999847,27.5,15.1,21.6,21.6,0
2020/6/29 18:18,34.774779,135.4533447,5.9,58.59999847,27.5,15,21.9,21.8,0
2020/6/29 18:18,34.774779,135.4533447,5.9,58.29999924,27.5,15,20.5,20.4,0
2020/6/29 18:19,34.77495267,135.4531913,7,58.09999847,27.39999962,nan,nan,nan,999
2020/6/29 18:19,34.77495267,135.4531913,7,57.90000153,27.39999962,14.8,20.1,19.8,0
2020/6/29 18:19,34.77513633,135.453079,5.2,58.20000076,27.39999962,14.5,19.3,18.7,0
2020/6/29 18:19,34.77513633,135.453079,5.2,58.20000076,27.39999962,14.2,18.3,17.4,0
2020/6/29 18:19,34.7753275,135.4529987,3.7,58.09999847,27.39999962,13.5,20.3,18.7,0
2020/6/29 18:19,34.7753275,135.4529987,3.7,58,27.39999962,13.5,19.8,18.2,0
2020/6/29 18:19,34.775526,135.4529515,2.5,57.59999847,27.39999962,13.3,19.5,17.7,0
2020/6/29 18:19,34.77575883,135.4529157,4.3,57.59999847,27.39999962,13.4,19.7,18,0
2020/6/29 18:19,34.77552598,135.4529516,2.718,57.5,27.29999924,13.1,19.4,17.4,0
2020/6/29 18:19,34.77601617,135.4529043,5.9,57.5,27.29999924,13.2,18,16.1,0
2020/6/29 18:19,34.77601617,135.4529043,5.9,57.70000076,27.29999924,13.5,16.8,15.2,0
2020/6/29 18:20,34.77623633,135.4528888,5.6,57.79999924,27.29999924,13.6,17,15.5,0
2020/6/29 18:20,34.77623633,135.4528888,5.6,57.90000153,27.29999924,nan,nan,nan,999
2020/6/29 18:20,34.77645833,135.452912,3.8,57.90000153,27.29999924,14.3,21.3,20.5,0
2020/6/29 18:20,34.77645833,135.452912,3.8,57.90000153,27.29999924,14.6,23.1,22.6,0
2020/6/29 18:20,34.7766925,135.4529015,1.9,57.79999924,27.29999924,13.4,21.2,19.5,0
2020/6/29 18:20,34.7766925,135.4529015,1.9,58.20000076,27.29999924,13.2,21,19.1,0
2020/6/29 18:20,34.77693039,135.4528445,6.257,58.20000076,27.29999924,12.6,18.6,16.1,0
2020/6/29 18:20,34.77693039,135.4528445,6.257,59.40000153,27.29999924,nan,nan,nan,999
2020/6/29 18:20,34.77713113,135.4528126,7.48,60,27.39999962,12.1,16.4,13.4,0
2020/6/29 18:20,34.77713117,135.4528127,7.3,59.09999847,27.39999962,12.2,17.5,14.6,0
2020/6/29 18:20,34.77734283,135.4527545,8.6,59,27.39999962,nan,nan,nan,999
2020/6/29 18:20,34.77734284,135.4527545,8.794,58.79999924,27.39999962,nan,nan,nan,999
2020/6/29 18:21,34.7775745,135.452728,7.8,58.59999847,27.39999962,12.9,17.3,15.1,0
2020/6/29 18:21,34.7775745,135.452728,7.8,58.09999847,27.39999962,13.3,18.3,16.5,0
2020/6/29 18:21,34.77782417,135.4526877,7.6,58.29999924,27.39999962,13.1,16.1,14.1,0
2020/6/29 18:21,34.7778242,135.4526876,7.844,59,27.20000076,12.8,18.1,15.8,0
2020/6/29 18:21,34.7780055,135.4526258,6,58.90000153,27.20000076,12.5,17.6,15,0
2020/6/29 18:21,34.7780055,135.4526258,6,58.70000076,27.29999924,12,16.6,13.5,0
2020/6/29 18:21,34.77823043,135.4525946,7.239,58.59999847,27.20000076,11.8,16.7,13.4,0
2020/6/29 18:21,34.7782305,135.4525945,7,58.90000153,27.20000076,11.6,15.8,12.3,0
2020/6/29 18:21,34.77833233,135.4525425,11.3,58.79999924,27.29999924,11.6,15.2,11.7,0
2020/6/29 18:21,34.77833233,135.4525425,11.3,60,27.29999924,11.3,20.2,16.4,0
2020/6/29 18:21,34.77846267,135.4525427,10.7,59.90000153,27.29999924,12.1,22.4,19.4,0
2020/6/29 18:21,nan,nan,10.7,59,27.39999962,nan,nan,nan,999
2020/6/29 18:22,34.7786908,135.452503,7.906,58.90000153,27.39999962,nan,nan,nan,999
2020/6/29 18:22,34.7786908,135.452503,7.906,58.29999924,27.39999962,12,25.2,22.1,0
2020/6/29 18:22,34.77883462,135.4524843,9.37,58,27.39999962,12.1,20.7,17.7,0
2020/6/29 18:22,34.77883467,135.4524843,9.2,57.59999847,27.5,nan,nan,nan,999
2020/6/29 18:22,34.7789085,135.4524665,12.2,57.90000153,27.5,11.6,18.2,14.7,0
2020/6/29 18:22,34.7789085,135.4524665,12.2,58.09999847,27.5,nan,nan,nan,999
2020/6/29 18:22,34.7790695,135.4524147,8.6,57.40000153,27.5,11.7,17.4,14,0
2020/6/29 18:22,34.7790695,135.4524147,8.6,57.29999924,27.5,12.3,17.7,14.9,0
2020/6/29 18:22,34.77930517,135.452367,7.9,57.40000153,27.60000038,12.1,16,13,0
2020/6/29 18:22,34.77930517,135.452367,7.9,57.5,27.5,nan,nan,nan,999
2020/6/29 18:22,34.77955567,135.4523317,9.1,57.5,27.5,13,16,13.9,0
2020/6/29 18:22,34.77955576,135.4523317,9.266,57.20000076,27.5,nan,nan,nan,999
2020/6/29 18:23,34.77978633,135.4522902,7.4,57.09999847,27.5,nan,nan,nan,999
2020/6/29 18:23,34.77978633,135.4522902,7.4,57,27.60000038,13.3,17.3,15.5,0
2020/6/29 18:23,34.7800325,135.4522613,9.3,56.79999924,27.60000038,13.5,17.5,15.9,0
2020/6/29 18:23,34.7800325,135.4522613,9.3,56.5,27.70000076,nan,nan,nan,999
2020/6/29 18:23,34.7802505,135.452219,11,56.5,27.60000038,13,19.4,17.3,0
2020/6/29 18:23,34.7802505,135.452219,11,56.40000153,27.70000076,13.1,19,17,0
2020/6/29 18:23,34.78051048,135.4521856,10.876,56.40000153,27.70000076,12.7,17.9,15.5,0
2020/6/29 18:23,34.78051048,135.4521856,10.876,56.5,27.70000076,12.7,20.3,17.9,0
2020/6/29 18:23,34.78075367,135.4521372,11.2,56.5,27.70000076,12.5,19.8,17.2,0
2020/6/29 18:23,34.78075367,135.4521372,11.2,56.70000076,27.79999924,12.9,22,19.8,0
2020/6/29 18:23,34.78097854,135.4520979,9.162,56.79999924,27.70000076,12.9,21.8,19.6,0
2020/6/29 18:23,34.7809785,135.452098,8.9,56.59999847,27.79999924,13,20.4,18.3,0
2020/6/29 18:24,34.78119383,135.4520783,10.1,56.40000153,27.70000076,nan,nan,nan,999
2020/6/29 18:24,34.78119383,135.4520783,10.1,56.29999924,27.79999924,12.9,17.8,15.6,0
2020/6/29 18:24,nan,nan,10.4,56.29999924,27.79999924,13.2,18.4,16.5,0
2020/6/29 18:24,34.781434,135.4520675,10.4,56.09999847,27.79999924,12.7,16.3,13.9,0
2020/6/29 18:24,34.78165042,135.4520543,8.796,56.20000076,27.79999924,nan,nan,nan,999
2020/6/29 18:24,34.7816505,135.4520542,8.6,56.09999847,27.79999924,12.6,17.2,14.7,0
2020/6/29 18:24,34.78186083,135.4520465,8.3,55.90000153,27.79999924,12.6,17.1,14.6,0
2020/6/29 18:24,34.78186083,135.4520465,8.3,55.90000153,27.79999924,12.6,17.4,14.9,0
2020/6/29 18:24,34.78203317,135.4520372,11.7,55.90000153,27.79999924,12.6,16.3,13.8,0
2020/6/29 18:24,34.78203317,135.4520372,11.7,56,27.89999962,12.7,15.6,13.2,0
2020/6/29 18:24,34.78208391,135.4523014,14.39,55.79999924,27.89999962,13,15.7,13.6,0
2020/6/29 18:24,34.78208383,135.4523013,14.2,55.70000076,28,nan,nan,nan,999
2020/6/29 18:25,34.78208033,135.452556,10.8,55.59999847,28,12.8,18.4,16.1,0
2020/6/29 18:25,34.78208033,135.452556,10.8,55.5,28,nan,nan,nan,999
2020/6/29 18:25,34.78212067,135.4527723,12.6,55.40000153,28,12.6,18.5,16,0
2020/6/29 18:25,34.78212067,135.4527723,12.6,55.40000153,28,12.8,21.7,19.4,0
2020/6/29 18:25,34.782161,135.4529117,22.6,4.300000191,28,nan,nan,nan,999
2020/6/29 18:25,34.782161,135.4529117,22.6,56.59999847,28,nan,nan,nan,999
2020/6/29 18:25,34.7823137,135.4529258,22.038,55.5,28,12,18.7,15.6,0
2020/6/29 18:25,34.78237133,135.4529885,22.1,55.40000153,27.89999962,12.3,19.8,17,0
2020/6/29 18:25,34.78231367,135.4529258,21.8,55.29999924,27.89999962,12.6,19.5,17,0
2020/6/29 18:25,34.7825225,135.4532138,17.3,55.29999924,27.89999962,nan,nan,nan,999
2020/6/29 18:25,34.7825225,135.4532138,17.3,55.29999924,27.89999962,13.4,22.7,21,0
2020/6/29 18:26,34.78262032,135.4532516,17.238,55.40000153,28,13.8,22.2,20.9,0
2020/6/29 18:26,34.78262033,135.4532517,17,55.5,28.10000038,13.7,22.1,20.7,0
2020/6/29 18:26,34.78270167,135.453183,13.9,55.40000153,28,13.5,23.2,21.6,0
2020/6/29 18:26,34.78270167,135.453183,13.9,55.40000153,28.10000038,13.2,21,19.1,0
2020/6/29 18:26,nan,nan,9.2,55.40000153,28.10000038,12.6,19.8,17.3,0
2020/6/29 18:26,34.782814,135.453055,9.2,55,28.10000038,12.5,19.8,17.2,0
2020/6/29 18:26,34.78297067,135.4529137,6.8,55.09999847,28.10000038,nan,nan,nan,999
2020/6/29 18:26,34.78297067,135.4529137,6.8,55.09999847,28.10000038,12.9,20.3,18.1,0
2020/6/29 18:26,34.78315917,135.4529013,5.2,55.40000153,28.10000038,nan,nan,nan,999
2020/6/29 18:26,34.78315911,135.4529014,5.42,55.59999847,28.10000038,nan,nan,nan,999
2020/6/29 18:26,34.78340189,135.4530148,8.609,55.79999924,28.10000038,nan,nan,nan,999
2020/6/29 18:26,34.78340183,135.4530148,8.4,56.40000153,28.10000038,13,15.5,13.4,0
2020/6/29 18:27,34.7836465,135.4530705,9.7,56.29999924,28.10000038,nan,nan,nan,nan
2020/6/29 18:27,34.7836465,135.4530705,9.7,56.29999924,28.10000038,nan,nan,nan,nan
2020/6/29 18:27,34.7838815,135.4531202,10.9,55.79999924,28,13.1,17.5,15.5,0
2020/6/29 18:27,34.7838815,135.4531202,10.9,55.70000076,28,nan,nan,nan,999
2020/6/29 18:27,34.78410384,135.4531033,11.015,55.59999847,28,13.3,18.3,16.5,0
2020/6/29 18:27,34.78433353,135.4530745,12.159,55.59999847,28,13.3,18.8,17,0
2020/6/29 18:27,34.7843335,135.4530745,11.9,55.5,28,13.7,19.2,17.8,0
2020/6/29 18:27,34.7844955,135.4529817,12.4,55.40000153,28,13.8,21.6,20.3,0
2020/6/29 18:27,34.7844955,135.4529817,12.4,55.20000076,28,13.6,20.7,19.2,0
2020/6/29 18:27,34.78470533,135.4528852,14.2,55.20000076,28,12.8,20.3,18,0
2020/6/29 18:27,34.78470533,135.4528852,14.2,55.29999924,28.10000038,12.9,20.1,17.9,0
2020/6/29 18:28,34.78491767,135.4527825,13.4,55.40000153,28.10000038,13.1,20.6,18.6,0
2020/6/29 18:28,34.78512333,135.4526603,14.4,55,28.10000038,nan,nan,nan,999
2020/6/29 18:28,34.78491767,135.4527825,13.4,55,28,12.9,17.9,15.7,0
2020/6/29 18:28,34.78535833,135.452601,15.1,55,28.10000038,12.9,17.9,15.7,0
2020/6/29 18:28,34.78535833,135.452601,15.1,54.90000153,28,12.4,16,13.3,0
2020/6/29 18:28,34.7855838,135.4526055,16.2,54.90000153,28,nan,nan,nan,999
2020/6/29 18:28,34.78558383,135.4526055,16,55,28.10000038,12,15.6,12.5,0
2020/6/29 18:28,34.7857825,135.4526227,15,55,28.10000038,11.4,14.9,11.2,0
2020/6/29 18:28,34.7857826,135.4526227,15.177,55,28.20000076,11.4,14.9,11.2,0
2020/6/29 18:28,34.78604011,135.4526695,11.23,54.90000153,28.10000038,11.8,14.7,11.4,0
2020/6/29 18:28,34.78604,135.4526695,11,54.79999924,28.10000038,11.8,14.7,11.4,0
2020/6/29 18:29,nan,nan,nan,54.79999924,28.10000038,11.7,14.9,11.5,0
2020/6/29 18:29,34.7862345,135.4525862,6.5,55,28.20000076,12.3,15.7,12.9,0
2020/6/29 18:29,34.78640133,135.4524796,5.881,54.90000153,28.20000076,nan,nan,nan,999
2020/6/29 18:29,34.78640133,135.4524795,5.7,54.90000153,28.20000076,12.4,19.2,16.5,0
2020/6/29 18:29,34.78642967,135.4527092,9.8,55,28.20000076,12.3,19.1,16.3,0
2020/6/29 18:29,34.78642967,135.4527092,9.8,54.90000153,28.20000076,12.3,19,16.2,0
2020/6/29 18:29,34.78645167,135.452928,2.5,54.59999847,28.20000076,12.4,18.6,15.9,0
2020/6/29 18:29,34.78645167,135.452928,2.5,3304.100098,14.10000038,12.4,17.1,14.4,0
2020/6/29 18:29,34.7864785,135.4531827,4.6,54.59999847,28.20000076,12.4,16.5,13.8,0
2020/6/29 18:29,34.7864785,135.4531827,4.6,54.59999847,28.29999924,12.4,16.5,13.8,0
2020/6/29 18:29,34.7865225,135.45341,4.5,54.5,28.20000076,13,18,15.9,0
2020/6/29 18:29,nan,nan,4.5,54.5,28.29999924,12.9,17.9,15.7,0
2020/6/29 18:30,34.7866045,135.453599,5.2,54.40000153,28.29999924,12.8,17.5,15.2,0
2020/6/29 18:30,34.78660457,135.4535992,5.429,54.40000153,28.29999924,12.7,16.8,14.4,0
2020/6/29 18:30,34.78670117,135.4538133,7.2,54.40000153,28.29999924,12.4,15.8,13.1,0
2020/6/29 18:30,34.78670117,135.4538133,7.2,54.40000153,28.29999924,12.2,15.8,12.9,0
2020/6/29 18:30,34.7866585,135.4538965,10.5,54.29999924,28.29999924,12.1,14.9,11.9,0
2020/6/29 18:30,34.7866585,135.4538965,10.5,54.29999924,28.29999924,12,13.8,10.7,0
2020/6/29 18:30,34.78658733,135.4540812,11.7,54.40000153,28.29999924,nan,nan,nan,999
2020/6/29 18:30,34.78658733,135.4540812,11.7,54.5,28.20000076,11.9,15,11.8,0
2020/6/29 18:30,34.78659924,135.4543508,12.397,54.40000153,28.20000076,11.8,15.2,11.9,0
2020/6/29 18:30,34.78659917,135.4543508,12.2,54.5,28.20000076,12.4,17.9,15.2,0
2020/6/29 18:30,34.78659557,135.4546505,12.473,54.5,28.20000076,nan,nan,nan,999
2020/6/29 18:30,34.78659567,135.4546505,12.3,54.40000153,28.20000076,12.2,16.9,14,0
2020/6/29 18:31,34.78648617,135.4548195,13.1,54.40000153,28.20000076,12.4,15.8,13.1,0
2020/6/29 18:31,34.78648617,135.4548195,13.1,54.59999847,28.20000076,12.3,16,13.2,0
2020/6/29 18:31,34.78651067,135.4550537,12.9,54.70000076,28.29999924,12.4,16.6,13.9,0
2020/6/29 18:31,nan,nan,12.9,54.79999924,28.29999924,11.8,15.4,12.1,0
2020/6/29 18:31,34.78649467,135.4553418,12.9,54.70000076,28.29999924,12.2,15.8,12.9,0
2020/6/29 18:31,34.78649467,135.4553418,12.9,54.70000076,28.29999924,12.3,16.4,13.6,0
2020/6/29 18:31,34.7865115,135.4556008,14.1,54.59999847,28.39999962,12.5,17.9,15.3,0
2020/6/29 18:31,34.7865115,135.4556008,14.1,54.70000076,28.39999962,12.4,17.4,14.7,0
2020/6/29 18:31,34.78652483,135.4558777,15.5,54.79999924,28.39999962,nan,nan,nan,999
2020/6/29 18:31,34.78652483,135.4558777,15.5,54.59999847,28.39999962,12.9,19.4,17.2,0
2020/6/29 18:31,34.78656583,135.4561015,15.6,54.5,28.29999924,12.7,19.5,17.1,0
2020/6/29 18:31,34.78656583,135.4561015,15.6,54.5,28.39999962,12.9,20.8,18.6,0
2020/6/29 18:32,34.78658569,135.4563342,17.661,54.59999847,28.29999924,13,20.5,18.4,0
2020/6/29 18:32,34.78658567,135.4563342,17.4,54.70000076,28.29999924,13.6,20.5,19,0
2020/6/29 18:32,nan,nan,nan,54.59999847,28.29999924,13.6,17.5,16,0
2020/6/29 18:32,34.78658667,135.4566043,16.4,54.79999924,28.29999924,13.2,16.7,14.8,0
